name,time,fb_url
中国移动湖北公司荆州公司2018年-2020年食堂食材项目采购_比选公告,2018-09-18,https://www.chinabidding.cn/zbgg/eXLlj.html
国电建投内蒙古能源有限公司察哈素煤矿2018年皮带机保护及工作面集控系统配件采购项目招标公告,2018-09-18,https://www.chinabidding.cn/zbgg/eXLlS.html
咪咕音乐有限公司2018年音乐节执行公司采购项目(包4、包5)（2）_比选公告,2018-09-18,https://www.chinabidding.cn/zbgg/eXLl4.html
彩金湖标准化厂房工程（宛陵科创城一期）6#、8#楼室内装修工程彩金湖标准化厂房工程（宛陵科创城一期）8#楼室内装修工程中标公示,2018-09-18,https://www.chinabidding.cn/zbgg/eXLlP.html
九江石化罐区隐患治理项目设计招标公告,2018-09-18,https://www.chinabidding.cn/zbgg/eXLlO.html
干燥器流量12Nm/hmin，1.0mpa，6KW，1um/见协议招标公告,2018-09-18,https://www.chinabidding.cn/zbgg/eXLlK.html
彩金湖标准化厂房工程（宛陵科创城一期）6#、8#楼室内装修工程彩金湖标准化厂房工程（宛陵科创城一期）6#楼室内装修工程中标公示,2018-09-18,https://www.chinabidding.cn/zbgg/eXLlb.html
驿城同力空压机维修保养询价采购公告,2018-09-18,https://www.chinabidding.cn/zbgg/eXLlB.html
转底炉收粉布袋除尘器招标公告,2018-09-18,https://www.chinabidding.cn/zbgg/eXLlN.html
中国石化工程建设有限公司中石化天津分公司炼油产品调整及油品质量升级改造项目EPC解析气压缩机招标公告,2018-09-18,https://www.chinabidding.cn/zbgg/eXLlz.html
P-XJ-18-00090566第2次保定热电空气过滤器采购询价公告-第2次,2018-09-18,https://www.chinabidding.cn/zbgg/nCfmuy.html
张家口发电厂一体化防腐超声波液位计等备件询价采购询价公告,2018-09-18,https://www.chinabidding.cn/zbgg/nCfmWx.html
中石化石油工程建设有限公司中江-龙泉输气管道工程阴保系统招标公告,2018-09-18,https://www.chinabidding.cn/zbgg/eXLlh.html
新办公楼办公家具采购项目招标公告,2018-09-18,https://www.chinabidding.cn/zbgg/eXLlf.html
汨罗市循环经济产业园园区棚改安置小区外供水工程建设招标公告,2018-09-18,https://www.chinabidding.cn/zbgg/nCfmqi.html
隆回县三阁司镇长铺中心小学综合楼及附属工程施工招标补充公告,2018-09-18,https://www.chinabidding.cn/zbgg/nCfmwO.html
金塔县鼎新镇集镇道路改造工程监理（二次）招标公告,2018-09-18,https://www.chinabidding.cn/zbgg/nCfmyW.html
和政县三十里铺镇陈家咀村幼儿园建设项目招标公告,2018-09-18,https://www.chinabidding.cn/zbgg/nCfmyT.html
中科一体化配套湛江-北海成品油管道工程项目通明海域调整路由海域勘察测量及专项报审工程勘察招标公告,2018-09-18,https://www.chinabidding.cn/zbgg/eXLli.html
和政县三十里铺镇大路村幼儿园建设项目招标公告,2018-09-18,https://www.chinabidding.cn/zbgg/nCfmyD.html
和政县新营乡寺营村幼儿园建设项目招标公告,2018-09-18,https://www.chinabidding.cn/zbgg/nCfmyy.html
和政县新营乡山城村幼儿园建设项目招标公告,2018-09-18,https://www.chinabidding.cn/zbgg/nCfmy4.html
马鞍山苏宁易购销售有限公司2018年终端现场制作类项目招标招标项目招标公告,2018-09-18,https://www.chinabidding.cn/zbgg/eXLlq.html
喷印机招标公告,2018-09-18,https://www.chinabidding.cn/zbgg/eXLlD.html
中国移动江苏公司关于无锡数据中心三期智能化项目采购公开招标的请示项目_招标公告,2018-09-18,https://www.chinabidding.cn/zbgg/eXLl1.html
宣城圣联锦城人防地下室（防护）设备采购及安装工程中标公示,2018-09-18,https://www.chinabidding.cn/zbgg/eXLlU.html
苏宁易购集团股份有限公司店招项目招标项目招标公告,2018-09-18,https://www.chinabidding.cn/zbgg/eXLk7.html
观海一品3#楼、3A#楼及二期地下室工程（A4500000001000436001）招标文件补充说明通知（二）招标公告,2018-09-18,https://www.chinabidding.cn/zbgg/eXLkp.html
鞍钢股份2018年四季度增碳剂C固≥95%，S≤0.5%石油焦招标公告,2018-09-18,https://www.chinabidding.cn/zbgg/eXLkX.html
黑龙江移动绥化分公司2018年灭火器检测维修项目_比选公告,2018-09-18,https://www.chinabidding.cn/zbgg/eXLkL.html
切分轧制温度监测系统福建三钢设备材料采购公司延期招标公告,2018-09-18,https://www.chinabidding.cn/zbgg/eXLkj.html
鞍钢股份2018年四季度转炉终渣改质剂20-50mm招标公告,2018-09-18,https://www.chinabidding.cn/zbgg/eXLkS.html
切分轧制温度监测系统福建三钢设备材料采购公司延期招标公告,2018-09-18,https://www.chinabidding.cn/zbgg/eXLkj.html
鞍钢股份2018年四季度转炉终渣改质剂20-50mm招标公告,2018-09-18,https://www.chinabidding.cn/zbgg/eXLkS.html
武警沈阳支队2018年度训练器材采购项目招标公告,2018-09-18,https://www.chinabidding.cn/zbgg/eXLkP.html
延锋安道拓座椅机械部件有限公司GLR调角器装配线Phase2招标公告[变更][变更][变更][变更],2018-09-18,https://www.chinabidding.cn/zbgg/eXLkT.html
伊金霍洛旗城乡环卫管理中心公共卫生间项目竞争性谈判公告[变更],2018-09-18,https://www.chinabidding.cn/zbgg/eXLk0.html
内蒙古自治区烟草公司锡林郭勒盟公司工程造价咨询服务机构公开招标项目招标公告,2018-09-18,https://www.chinabidding.cn/zbgg/eXLkM.html
省三亚监狱劳动改造用房三期项目（勘察）招标公告,2018-09-18,https://www.chinabidding.cn/zbgg/eXLkR.html
阿尔山景区环卫基础设施工程建设项目（垃圾运输车及垃圾箱采购）公开招标招标公告,2018-09-18,https://www.chinabidding.cn/zbgg/eXLkb.html
中国国际航空股份有限公司湖北分公司UPS主机采购项目公告,2018-09-18,https://www.chinabidding.cn/zbgg/eXLkN.html
安阳市北关区住房和城乡建设环境保护局聘请安全评价机构采购项目（三次）谈判公告,2018-09-18,https://www.chinabidding.cn/zbgg/eXLkz.html
中国石油化工股份有限公司金陵分公司中石化金陵分公司2018～2020年浮筒式浮盘框架协议浮筒式浮盘框架协议招标公告,2018-09-18,https://www.chinabidding.cn/zbgg/eXLkl.html
临沂市水务集团有限公司职工工装采购项目竞争性磋商公告,2018-09-18,https://www.chinabidding.cn/zbgg/eXLks.html
中国人民解放军95905部队冬季取暖煤服务采购项目公开招标公告,2018-09-18,https://www.chinabidding.cn/zbgg/eXLkk.html
中国石油化工股份有限公司金陵分公司中石化金陵分公司Ⅲ套常减压钉头管更换中石化金陵分公司Ⅲ套常减压钉头管更换招标公告,2018-09-18,https://www.chinabidding.cn/zbgg/eXLkh.html
高唐县固河镇胡集小学水冲式厕所修建工程招标公告,2018-09-18,https://www.chinabidding.cn/zbgg/eXLkf.html
宜昌银监分局机房和大楼综合布线改造项目招标公告,2018-09-18,https://www.chinabidding.cn/zbgg/eXLkO.html
中石化石油工程建设有限公司中江-龙泉输气管道工程阴保系统招标公告,2018-09-18,https://www.chinabidding.cn/zbgg/eXLlh.html
新办公楼办公家具采购项目招标公告,2018-09-18,https://www.chinabidding.cn/zbgg/eXLlf.html
汨罗市循环经济产业园园区棚改安置小区外供水工程建设招标公告,2018-09-18,https://www.chinabidding.cn/zbgg/nCfmqi.html
隆回县三阁司镇长铺中心小学综合楼及附属工程施工招标补充公告,2018-09-18,https://www.chinabidding.cn/zbgg/nCfmwO.html
2018年文书档案盒等物资采购项目网上比价公告,2018-09-18,https://www.chinabidding.cn/zbgg/eXLla.html
2018年CF卡等IT类物资采购项目网上比价公告（第二次）,2018-09-18,https://www.chinabidding.cn/zbgg/eXLlJ.html
金塔县鼎新镇集镇道路改造工程监理（二次）招标公告,2018-09-18,https://www.chinabidding.cn/zbgg/nCfmyW.html
和政县三十里铺镇陈家咀村幼儿园建设项目招标公告,2018-09-18,https://www.chinabidding.cn/zbgg/nCfmyT.html
中科一体化配套湛江-北海成品油管道工程项目通明海域调整路由海域勘察测量及专项报审工程勘察招标公告,2018-09-18,https://www.chinabidding.cn/zbgg/eXLli.html
和政县三十里铺镇大路村幼儿园建设项目招标公告,2018-09-18,https://www.chinabidding.cn/zbgg/nCfmyD.html
和政县新营乡寺营村幼儿园建设项目招标公告,2018-09-18,https://www.chinabidding.cn/zbgg/nCfmyy.html
和政县新营乡山城村幼儿园建设项目招标公告,2018-09-18,https://www.chinabidding.cn/zbgg/nCfmy4.html
马鞍山苏宁易购销售有限公司2018年终端现场制作类项目招标招标项目招标公告,2018-09-18,https://www.chinabidding.cn/zbgg/eXLlq.html
喷印机招标公告,2018-09-18,https://www.chinabidding.cn/zbgg/eXLlD.html
中国移动江苏公司关于无锡数据中心三期智能化项目采购公开招标的请示项目_招标公告,2018-09-18,https://www.chinabidding.cn/zbgg/eXLl1.html
宣城圣联锦城人防地下室（防护）设备采购及安装工程中标公示,2018-09-18,https://www.chinabidding.cn/zbgg/eXLlU.html
